INSERT INTO `Category` (`category_id`, `category_event_id`, `category_price`, `category_name`, `category_pm_id`, `category_pmp_id`, `category_ident`, `category_numbering`, `category_size`, `category_max`, `category_min`, `category_template`, `category_color`, `category_data`, `category_free`) VALUES
(1, NULL, 65.00, 'Cat I', 1, NULL, 1, 'both', 60, NULL, NULL, '', '3', 'shape="rect" coords="80,525,210,675"',0),
(2, NULL, 75.00, 'Cat II', 1, NULL, 2, 'both', 140, NULL, NULL, '', '4', 'shape="rect" coords="80,200,210,525"',0),
(3, NULL, 55.00, 'Cat III', 1, NULL, 3, 'both', 210, NULL, NULL, '', '5', 'shape="rect" coords="235,200,370,675" ',0),
(4, 1, 65.00, 'Cat I', 2, NULL, 1, 'both', 60, NULL, NULL, '', '3', 'shape="rect" coords="80,525,210,675"',0),
(5, 1, 75.00, 'Cat II', 2, NULL, 2, 'both', 140, NULL, NULL, '', '4', 'shape="rect" coords="80,200,210,525"',0),
(6, 1, 55.00, 'Cat III', 2, NULL, 3, 'both', 210, NULL, NULL, '', '5', 'shape="rect" coords="235,200,370,675" ',0),
(7, NULL, 7.50, 'General Admission', 3, NULL, 1, 'none', 50, NULL, NULL, 'Ticket_pdf2', '3', '',0),
(8, 2, 7.50, 'General Admission', 4, NULL, 1, 'none', 50, NULL, NULL, 'Ticket_pdf2', '3', '', 46);

INSERT INTO `Discount` (`discount_id`, `discount_event_id`, `discount_name`, `discount_type`, `discount_value`) VALUES
(1, 2, 'Demo Discount', 'fixe', 7.49);


INSERT INTO `Event` (`event_id`, `event_name`, `event_text`, `event_short_text`, `event_url`, `event_image`, `event_ort_id`, `event_pm_id`, `event_date`, `event_time`, `event_open`, `event_end`, `event_status`, `event_order_limit`, `event_template`, `event_group_id`, `event_mp3`, `event_rep`, `event_main_id`, `event_type`, `event_total`, `event_free`) VALUES
(1, 'Demo Banquet', 'Enter details and order information here.', 'Enter short summary of event here.', 'http://demohomepage@demo.com', 'event_image_1.jpg', 1, 2, '2010-11-01', '12:00:00', '11:30:00', '16:00:00', 'unpub', 0, 'Ticket_pdf2', 1, NULL, 'main,sub', 1, 'party',0,0),
(2, 'Demo Theater Event', 'Add the details here', 'Put short description of the event here', NULL, 'event_image_2.jpg', 1, 4, '2010-11-01', '14:00:00', '13:30:00', '16:00:00', 'pub', 0, 'Ticket_pdf2', 2, NULL, 'main,sub', 2, '', 50, 46);


INSERT INTO `Event_group` (`event_group_id`, `event_group_name`, `event_group_description`, `event_group_image`, `event_group_status`, `event_group_start_date`, `event_group_end_date`, `event_group_type`) VALUES
(1, 'Group I', 'Use this group to seperate events.', '', 'unpub', NULL, NULL, 'theatre'),
(2, 'Group II', 'Add another Group for different groupings of events.', '', 'unpub', NULL, NULL, 'festival');

INSERT INTO `Order` (`order_id`, `order_user_id`, `order_session_id`, `order_tickets_nr`, `order_total_price`, `order_date`, `order_shipment_status`, `order_payment_status`, `order_payment_id`, `order_handling_id`, `order_status`, `order_reemited_id`, `order_fee`, `order_place`, `order_owner_id`, `order_date_expire`, `order_responce`, `order_responce_date`, `order_note`, `order_lock`, `order_lock_time`, `order_lock_admin_id`) VALUES
(1, 1, '81ab9c70d475786f6ede5c480a129725', 1, 0.01, '2010-09-28 03:24:10', 'send', 'paid', NULL, 2, 'ord', NULL, 0.00, 'pos', 1, NULL, '', '0000-00-00 00:00:00', NULL, '0', '0000-00-00 00:00:00', NULL),
(2, 2, '81ab9c70d475786f6ede5c480a129725', 2, 0.02, '2010-09-28 03:28:29', 'none', 'none', NULL, 3, 'ord', NULL, 0.00, 'pos', 1, NULL, '', '0000-00-00 00:00:00', NULL, '0', '0000-00-00 00:00:00', NULL),
(3, 2, 'f0431d512908695a8e6f0552bb55b8e4', 1, 7.50, '2010-09-28 16:38:09', 'none', 'none', NULL, 5, 'ord', NULL, 0.00, 'pos', 1, NULL, '', '0000-00-00 00:00:00', NULL, '0', '0000-00-00 00:00:00', NULL);

INSERT INTO `Ort` (`ort_id`, `ort_name`, `ort_phone`, `ort_plan_nr`, `ort_url`, `ort_image`, `ort_address`, `ort_address1`, `ort_zip`, `ort_city`, `ort_state`, `ort_country`, `ort_pm`, `ort_fax`) VALUES
(1, 'Demo Theater', '(555) 555-1212', NULL, 'http://fusionticket.org', 'ort_image_1.png', '1234 Demo St', '', '10000', 'Demo Town', 'DT', 'US', '', '(555) 555-1213');


INSERT INTO `PlaceMap2` (`pm_id`, `pm_ort_id`, `pm_event_id`, `pm_name`, `pm_image`) VALUES
(1, 1, NULL, 'Demo Seat Chart I', 'pm_image_1.png'),
(2, 1, 1, 'Demo Seat Chart I', 'pm_image_1.png'),
(3, 1, NULL, 'Demo Seat Chart II', NULL),
(4, 1, 2, 'Demo Seat Chart II', NULL);


INSERT INTO `PlaceMapPart` (`pmp_id`, `pmp_pm_id`, `pmp_ident`, `pmp_ort_id`, `pmp_event_id`, `pmp_name`, `pmp_width`, `pmp_height`, `pmp_scene`, `pmp_shift`, `pmp_data`, `pmp_data_orig`, `pmp_expires`) VALUES
(1, 1, 0, NULL, NULL, 'Demo Seat Chart Part', 24, 45, 'north', '0', '0,0,0|0,0,0|0,0,0|0,0,0|0,0,0|0,0,0|0,0,0|0,0,0|0,0,0|0,0,0|0,0,0|0,0,0|0,0,0|0,0,0|0,0,0|0,0,0|0,0,0|0,0,0|0,0,0|0,0,0|0,0,0|L,E,0|0,0,0|0,0,0|0,0,0|1,a,1,2|1,a,2,2|1,a,3,2|0,0,0|0,0,0|1,a,4,2|1,a,5,2|1,a,6,2|0,0,0|0,0,0|0,0,0|0,0,0|3,1,1,3|3,1,2,3|0,0,0|3,1,3,3|3,1,4,3|0,0,0|3,1,5,3|3,1,6,3|0,0,0|0,0,0|0,0,0|0,0,0|1,b,1,2|1,b,2,2|1,b,3,2|1,b,4,2|0,0,0|1,b,5,2|1,b,6,2|1,b,7,2|1,b,8,2|0,0,0|0,0,0|0,0,0|3,2,1,3|3,2,2,3|0,0,0|3,2,3,3|3,2,4,3|0,0,0|3,2,5,3|3,2,6,3|0,0,0|0,0,0|0,0,0|0,0,0|1,c,1,2|1,c,2,2|1,c,3,2|0,0,0|0,0,0|1,c,4,2|1,c,5,2|1,c,6,2|0,0,0|0,0,0|0,0,0|0,0,0|3,3,1,3|3,3,2,3|0,0,0|3,3,3,3|3,3,4,3|0,0,0|3,3,5,3|3,3,6,3|0,0,0|0,0,0|0,0,0|0,0,0|0,0,0|0,0,0|0,0,0|0,0,0|0,0,0|0,0,0|0,0,0|0,0,0|0,0,0|0,0,0|0,0,0|0,0,0|3,4,1,3|3,4,2,3|0,0,0|3,4,3,3|3,4,4,3|0,0,0|3,4,5,3|3,4,6,3|0,0,0|0,0,0|0,0,0|0,0,0|1,d,1,2|1,d,2,2|1,d,3,2|0,0,0|0,0,0|1,d,4,2|1,d,5,2|1,d,6,2|0,0,0|0,0,0|0,0,0|0,0,0|3,5,1,3|3,5,2,3|0,0,0|3,5,3,3|3,5,4,3|0,0,0|3,5,5,3|3,5,6,3|0,0,0|0,0,0|0,0,0|0,0,0|1,e,1,2|1,e,2,2|1,e,3,2|1,e,4,2|0,0,0|1,e,5,2|1,e,6,2|1,e,7,2|1,e,8,2|0,0,0|0,0,0|0,0,0|0,0,0|0,0,0|0,0,0|0,0,0|0,0,0|0,0,0|0,0,0|0,0,0|L,E,0|0,0,0|0,0,0|0,0,0|1,f,1,2|1,f,2,2|1,f,3,2|0,0,0|0,0,0|1,f,4,2|1,f,5,2|1,f,6,2|0,0,0|0,0,0|0,0,0|0,0,0|3,6,1,3|3,6,2,3|0,0,0|3,6,3,3|3,6,4,3|0,0,0|3,6,5,3|3,6,6,3|0,0,0|0,0,0|0,0,0|0,0,0|0,0,0|0,0,0|0,0,0|0,0,0|0,0,0|0,0,0|0,0,0|0,0,0|0,0,0|0,0,0|0,0,0|0,0,0|3,7,1,3|3,7,2,3|0,0,0|3,7,3,3|3,7,4,3|0,0,0|3,7,5,3|3,7,6,3|0,0,0|0,0,0|0,0,0|0,0,0|1,g,1,2|1,g,2,2|1,g,3,2|0,0,0|0,0,0|1,g,4,2|1,g,5,2|1,g,6,2|0,0,0|0,0,0|0,0,0|0,0,0|3,8,1,3|3,8,2,3|0,0,0|3,8,3,3|3,8,4,3|0,0,0|3,8,5,3|3,8,6,3|0,0,0|0,0,0|0,0,0|0,0,0|1,h,1,2|1,h,2,2|1,h,3,2|1,h,4,2|0,0,0|1,h,5,2|1,h,6,2|1,h,7,2|1,h,8,2|0,0,0|0,0,0|0,0,0|3,9,1,3|3,9,2,3|0,0,0|3,9,3,3|3,9,4,3|0,0,0|3,9,5,3|3,9,6,3|0,0,0|0,0,0|0,0,0|0,0,0|1,i,1,2|1,i,2,2|1,i,3,2|0,0,0|0,0,0|1,i,4,2|1,i,5,2|1,i,6,2|0,0,0|0,0,0|0,0,0|0,0,0|3,10,1,3|3,10,2,3|0,0,0|3,10,3,3|3,10,4,3|0,0,0|3,10,5,3|3,10,6,3|0,0,0|0,0,0|0,0,0|0,0,0|0,0,0|0,0,0|0,0,0|0,0,0|0,0,0|0,0,0|0,0,0|0,0,0|0,0,0|0,0,0|0,0,0|0,0,0|0,0,0|0,0,0|0,0,0|0,0,0|0,0,0|0,0,0|0,0,0|0,0,0|L,E,0|0,0,0|0,0,0|0,0,0|1,j,1,2|1,j,2,2|1,j,3,2|0,0,0|0,0,0|1,j,4,2|1,j,5,2|1,j,6,2|0,0,0|0,0,0|0,0,0|0,0,0|3,11,1,3|3,11,2,3|0,0,0|3,11,3,3|3,11,4,3|0,0,0|3,11,5,3|3,11,6,3|0,0,0|0,0,0|0,0,0|0,0,0|1,k,1,2|1,k,2,2|1,k,3,2|1,k,4,2|0,0,0|1,k,5,2|1,k,6,2|1,k,7,2|1,k,8,2|0,0,0|0,0,0|0,0,0|3,12,1,3|3,12,2,3|0,0,0|3,12,3,3|3,12,4,3|0,0,0|3,12,5,3|3,12,6,3|0,0,0|0,0,0|0,0,0|0,0,0|1,l,1,2|1,l,2,2|1,l,3,2|0,0,0|0,0,0|1,l,4,2|1,l,5,2|1,l,6,2|0,0,0|0,0,0|0,0,0|0,0,0|3,13,1,3|3,13,2,3|0,0,0|3,13,3,3|3,13,4,3|0,0,0|3,13,5,3|3,13,6,3|0,0,0|0,0,0|0,0,0|0,0,0|0,0,0|0,0,0|0,0,0|0,0,0|0,0,0|0,0,0|0,0,0|0,0,0|0,0,0|0,0,0|0,0,0|0,0,0|3,14,1,3|3,14,2,3|0,0,0|3,14,3,3|3,14,4,3|0,0,0|3,14,5,3|3,14,6,3|0,0,0|0,0,0|0,0,0|0,0,0|1,m,1,2|1,m,2,2|1,m,3,2|0,0,0|0,0,0|1,m,4,2|1,m,5,2|1,m,6,2|0,0,0|0,0,0|0,0,0|0,0,0|3,15,1,3|3,15,2,3|0,0,0|3,15,3,3|3,15,4,3|0,0,0|3,15,5,3|3,15,6,3|0,0,0|0,0,0|0,0,0|0,0,0|1,n,1,2|1,n,2,2|1,n,3,2|1,n,4,2|0,0,0|1,n,5,2|1,n,6,2|1,n,7,2|1,n,8,2|0,0,0|0,0,0|0,0,0|0,0,0|0,0,0|0,0,0|0,0,0|0,0,0|0,0,0|0,0,0|0,0,0|L,E,0|0,0,0|0,0,0|0,0,0|1,o,1,2|1,o,2,2|1,o,3,2|0,0,0|0,0,0|1,o,4,2|1,o,5,2|1,o,6,2|0,0,0|0,0,0|0,0,0|0,0,0|3,16,1,3|3,16,2,3|0,0,0|3,16,3,3|3,16,4,3|0,0,0|3,16,5,3|3,16,6,3|0,0,0|0,0,0|0,0,0|0,0,0|0,0,0|0,0,0|0,0,0|0,0,0|0,0,0|0,0,0|0,0,0|0,0,0|0,0,0|0,0,0|0,0,0|0,0,0|3,17,1,3|3,17,2,3|0,0,0|3,17,3,3|3,17,4,3|0,0,0|3,17,5,3|3,17,6,3|0,0,0|0,0,0|0,0,0|0,0,0|1,p,1,2|1,p,2,2|1,p,3,2|0,0,0|0,0,0|1,p,4,2|1,p,5,2|1,p,6,2|0,0,0|0,0,0|0,0,0|0,0,0|3,18,1,3|3,18,2,3|0,0,0|3,18,3,3|3,18,4,3|0,0,0|3,18,5,3|3,18,6,3|0,0,0|0,0,0|0,0,0|0,0,0|1,q,1,2|1,q,2,2|1,q,3,2|1,q,4,2|0,0,0|1,q,5,2|1,q,6,2|1,q,7,2|1,q,8,2|0,0,0|0,0,0|0,0,0|3,19,1,3|3,19,2,3|0,0,0|3,19,3,3|3,19,4,3|0,0,0|3,19,5,3|3,19,6,3|0,0,0|0,0,0|0,0,0|0,0,0|1,r,1,2|1,r,2,2|1,r,3,2|0,0,0|0,0,0|1,r,4,2|1,r,5,2|1,r,6,2|0,0,0|0,0,0|0,0,0|0,0,0|3,20,1,3|3,20,2,3|0,0,0|3,20,3,3|3,20,4,3|0,0,0|3,20,5,3|3,20,6,3|0,0,0|0,0,0|0,0,0|0,0,0|0,0,0|0,0,0|0,0,0|0,0,0|0,0,0|0,0,0|0,0,0|0,0,0|0,0,0|0,0,0|0,0,0|0,0,0|0,0,0|0,0,0|0,0,0|0,0,0|0,0,0|0,0,0|0,0,0|0,0,0|L,E,0|0,0,0|0,0,0|0,0,0|1,s,1,2|1,s,2,2|1,s,3,2|0,0,0|0,0,0|1,s,4,2|1,s,5,2|1,s,6,2|0,0,0|0,0,0|0,0,0|0,0,0|3,21,1,3|3,21,2,3|0,0,0|3,21,3,3|3,21,4,3|0,0,0|3,21,5,3|3,21,6,3|0,0,0|0,0,0|0,0,0|0,0,0|1,t,1,2|1,t,2,2|1,t,3,2|1,t,4,2|0,0,0|1,t,5,2|1,t,6,2|1,t,7,2|1,t,8,2|0,0,0|0,0,0|0,0,0|3,22,1,3|3,22,2,3|0,0,0|3,22,3,3|3,22,4,3|0,0,0|3,22,5,3|3,22,6,3|0,0,0|0,0,0|0,0,0|0,0,0|1,u,1,2|1,u,2,2|1,u,3,2|0,0,0|0,0,0|1,u,4,2|1,u,5,2|1,u,6,2|0,0,0|0,0,0|0,0,0|0,0,0|3,23,1,3|3,23,2,3|0,0,0|3,23,3,3|3,23,4,3|0,0,0|3,23,5,3|3,23,6,3|0,0,0|0,0,0|0,0,0|0,0,0|0,0,0|0,0,0|0,0,0|0,0,0|0,0,0|0,0,0|0,0,0|0,0,0|0,0,0|0,0,0|0,0,0|0,0,0|3,24,1,3|3,24,2,3|0,0,0|3,24,3,3|3,24,4,3|0,0,0|3,24,5,3|3,24,6,3|0,0,0|0,0,0|0,0,0|0,0,0|2,A,A,1|2,A,B,1|2,A,C,1|0,0,0|0,0,0|2,A,D,1|2,A,E,1|2,A,F,1|0,0,0|0,0,0|0,0,0|0,0,0|3,25,1,3|3,25,2,3|0,0,0|3,25,3,3|3,25,4,3|0,0,0|3,25,5,3|3,25,6,3|0,0,0|0,0,0|0,0,0|0,0,0|2,B,A,1|2,B,B,1|2,B,C,1|2,B,D,1|0,0,0|2,B,E,1|2,B,F,1|2,B,G,1|2,B,H,1|0,0,0|0,0,0|0,0,0|0,0,0|0,0,0|0,0,0|0,0,0|0,0,0|0,0,0|0,0,0|0,0,0|L,E,0|0,0,0|0,0,0|0,0,0|2,C,A,1|2,C,B,1|2,C,C,1|0,0,0|0,0,0|2,C,D,1|2,C,E,1|2,C,F,1|0,0,0|0,0,0|0,0,0|0,0,0|3,26,1,3|3,26,2,3|0,0,0|3,26,3,3|3,26,4,3|0,0,0|3,26,5,3|3,26,6,3|0,0,0|0,0,0|0,0,0|0,0,0|0,0,0|0,0,0|0,0,0|0,0,0|0,0,0|0,0,0|0,0,0|0,0,0|0,0,0|0,0,0|0,0,0|0,0,0|3,27,1,3|3,27,2,3|0,0,0|3,27,3,3|3,27,4,3|0,0,0|3,27,5,3|3,27,6,3|0,0,0|0,0,0|0,0,0|0,0,0|2,D,A,1|2,D,B,1|2,D,C,1|0,0,0|0,0,0|2,D,D,1|2,D,E,1|2,D,F,1|0,0,0|0,0,0|0,0,0|0,0,0|3,28,1,3|3,28,2,3|0,0,0|3,28,3,3|3,28,4,3|0,0,0|3,28,5,3|3,28,6,3|0,0,0|0,0,0|0,0,0|0,0,0|2,E,A,1|2,E,B,1|2,E,C,1|2,E,D,1|0,0,0|2,E,E,1|2,E,F,1|2,E,G,1|2,E,H,1|0,0,0|0,0,0|0,0,0|3,29,1,3|3,29,2,3|0,0,0|3,29,3,3|3,29,4,3|0,0,0|3,29,5,3|3,29,6,3|0,0,0|0,0,0|0,0,0|0,0,0|2,F,A,1|2,F,B,1|2,F,C,1|0,0,0|0,0,0|2,F,D,1|2,F,E,1|2,F,F,1|0,0,0|0,0,0|0,0,0|0,0,0|3,30,1,3|3,30,2,3|0,0,0|3,30,3,3|3,30,4,3|0,0,0|3,30,5,3|3,30,6,3|0,0,0|0,0,0|0,0,0|0,0,0|0,0,0|0,0,0|0,0,0|0,0,0|0,0,0|0,0,0|0,0,0|0,0,0|0,0,0|0,0,0|0,0,0|0,0,0|0,0,0|0,0,0|0,0,0|0,0,0|0,0,0|0,0,0|0,0,0|0,0,0|L,E,0|0,0,0|0,0,0|0,0,0|2,G,A,1|2,G,B,1|2,G,C,1|0,0,0|0,0,0|2,G,D,1|2,G,E,1|2,G,F,1|0,0,0|0,0,0|0,0,0|0,0,0|3,31,1,3|3,31,2,3|0,0,0|3,31,3,3|3,31,4,3|0,0,0|3,31,5,3|3,31,6,3|0,0,0|0,0,0|0,0,0|0,0,0|2,H,A,1|2,H,B,1|2,H,C,1|2,H,D,1|0,0,0|2,H,E,1|2,H,F,1|2,H,G,1|2,H,H,1|0,0,0|0,0,0|0,0,0|3,32,1,3|3,32,2,3|0,0,0|3,32,3,3|3,32,4,3|0,0,0|3,32,5,3|3,32,6,3|0,0,0|0,0,0|0,0,0|0,0,0|2,I,A,1|2,I,B,1|2,I,C,1|0,0,0|0,0,0|2,I,D,1|2,I,E,1|2,I,F,1|0,0,0|0,0,0|0,0,0|0,0,0|3,33,1,3|3,33,2,3|0,0,0|3,33,3,3|3,33,4,3|0,0,0|3,33,5,3|3,33,6,3|0,0,0|0,0,0|0,0,0|0,0,0|0,0,0|0,0,0|0,0,0|0,0,0|0,0,0|0,0,0|0,0,0|0,0,0|0,0,0|0,0,0|0,0,0|0,0,0|3,34,1,3|3,34,2,3|0,0,0|3,34,3,3|3,34,4,3|0,0,0|3,34,5,3|3,34,6,3|0,0,0|0,0,0|0,0,0|0,0,0|0,0,0|0,0,0|0,0,0|0,0,0|0,0,0|0,0,0|0,0,0|0,0,0|0,0,0|0,0,0|0,0,0|0,0,0|3,35,1,3|3,35,2,3|0,0,0|3,35,3,3|3,35,4,3|0,0,0|3,35,5,3|3,35,6,3|0,0,0|0,0,0|0,0,0|0,0,0|0,0,0|0,0,0|0,0,0|0,0,0|0,0,0|0,0,0|0,0,0|0,0,0|0,0,0|0,0,0|0,0,0|0,0,0|0,0,0|0,0,0|0,0,0|0,0,0|0,0,0|0,0,0|0,0,0|0,0,0|L,E,0|0,0,0|0,0,0|0,0,0|0,0,0|0,0,0|0,0,0|0,0,0|0,0,0|0,0,0|0,0,0|0,0,0|0,0,0|0,0,0|0,0,0|0,0,0|0,0,0|0,0,0|0,0,0|0,0,0|0,0,0|0,0,0|0,0,0|0,0,0|0,0,0|0,0,0|0,0,0|0,0,0|0,0,0|0,0,0|0,0,0|0,0,0|0,0,0|0,0,0|0,0,0|0,0,0|0,0,0|0,0,0|0,0,0|0,0,0|0,0,0|0,0,0|0,0,0|0,0,0|0,0,0|0,0,0|0,0,0|0,0,0|0,0,0|0,0,0|0,0,0', NULL, 0),
(2, 2, 0, NULL, 1, 'Demo Seat Chart Part', 24, 45, 'north', '0', '0,0,0|0,0,0|0,0,0|0,0,0|0,0,0|0,0,0|0,0,0|0,0,0|0,0,0|0,0,0|0,0,0|0,0,0|0,0,0|0,0,0|0,0,0|0,0,0|0,0,0|0,0,0|0,0,0|0,0,0|0,0,0|L,E,0|0,0,0|0,0,0|0,0,0|1,a,1,2|1,a,2,2|1,a,3,2|0,0,0|0,0,0|1,a,4,2|1,a,5,2|1,a,6,2|0,0,0|0,0,0|0,0,0|0,0,0|3,1,1,3|3,1,2,3|0,0,0|3,1,3,3|3,1,4,3|0,0,0|3,1,5,3|3,1,6,3|0,0,0|0,0,0|0,0,0|0,0,0|1,b,1,2|1,b,2,2|1,b,3,2|1,b,4,2|0,0,0|1,b,5,2|1,b,6,2|1,b,7,2|1,b,8,2|0,0,0|0,0,0|0,0,0|3,2,1,3|3,2,2,3|0,0,0|3,2,3,3|3,2,4,3|0,0,0|3,2,5,3|3,2,6,3|0,0,0|0,0,0|0,0,0|0,0,0|1,c,1,2|1,c,2,2|1,c,3,2|0,0,0|0,0,0|1,c,4,2|1,c,5,2|1,c,6,2|0,0,0|0,0,0|0,0,0|0,0,0|3,3,1,3|3,3,2,3|0,0,0|3,3,3,3|3,3,4,3|0,0,0|3,3,5,3|3,3,6,3|0,0,0|0,0,0|0,0,0|0,0,0|0,0,0|0,0,0|0,0,0|0,0,0|0,0,0|0,0,0|0,0,0|0,0,0|0,0,0|0,0,0|0,0,0|0,0,0|3,4,1,3|3,4,2,3|0,0,0|3,4,3,3|3,4,4,3|0,0,0|3,4,5,3|3,4,6,3|0,0,0|0,0,0|0,0,0|0,0,0|1,d,1,2|1,d,2,2|1,d,3,2|0,0,0|0,0,0|1,d,4,2|1,d,5,2|1,d,6,2|0,0,0|0,0,0|0,0,0|0,0,0|3,5,1,3|3,5,2,3|0,0,0|3,5,3,3|3,5,4,3|0,0,0|3,5,5,3|3,5,6,3|0,0,0|0,0,0|0,0,0|0,0,0|1,e,1,2|1,e,2,2|1,e,3,2|1,e,4,2|0,0,0|1,e,5,2|1,e,6,2|1,e,7,2|1,e,8,2|0,0,0|0,0,0|0,0,0|0,0,0|0,0,0|0,0,0|0,0,0|0,0,0|0,0,0|0,0,0|0,0,0|L,E,0|0,0,0|0,0,0|0,0,0|1,f,1,2|1,f,2,2|1,f,3,2|0,0,0|0,0,0|1,f,4,2|1,f,5,2|1,f,6,2|0,0,0|0,0,0|0,0,0|0,0,0|3,6,1,3|3,6,2,3|0,0,0|3,6,3,3|3,6,4,3|0,0,0|3,6,5,3|3,6,6,3|0,0,0|0,0,0|0,0,0|0,0,0|0,0,0|0,0,0|0,0,0|0,0,0|0,0,0|0,0,0|0,0,0|0,0,0|0,0,0|0,0,0|0,0,0|0,0,0|3,7,1,3|3,7,2,3|0,0,0|3,7,3,3|3,7,4,3|0,0,0|3,7,5,3|3,7,6,3|0,0,0|0,0,0|0,0,0|0,0,0|1,g,1,2|1,g,2,2|1,g,3,2|0,0,0|0,0,0|1,g,4,2|1,g,5,2|1,g,6,2|0,0,0|0,0,0|0,0,0|0,0,0|3,8,1,3|3,8,2,3|0,0,0|3,8,3,3|3,8,4,3|0,0,0|3,8,5,3|3,8,6,3|0,0,0|0,0,0|0,0,0|0,0,0|1,h,1,2|1,h,2,2|1,h,3,2|1,h,4,2|0,0,0|1,h,5,2|1,h,6,2|1,h,7,2|1,h,8,2|0,0,0|0,0,0|0,0,0|3,9,1,3|3,9,2,3|0,0,0|3,9,3,3|3,9,4,3|0,0,0|3,9,5,3|3,9,6,3|0,0,0|0,0,0|0,0,0|0,0,0|1,i,1,2|1,i,2,2|1,i,3,2|0,0,0|0,0,0|1,i,4,2|1,i,5,2|1,i,6,2|0,0,0|0,0,0|0,0,0|0,0,0|3,10,1,3|3,10,2,3|0,0,0|3,10,3,3|3,10,4,3|0,0,0|3,10,5,3|3,10,6,3|0,0,0|0,0,0|0,0,0|0,0,0|0,0,0|0,0,0|0,0,0|0,0,0|0,0,0|0,0,0|0,0,0|0,0,0|0,0,0|0,0,0|0,0,0|0,0,0|0,0,0|0,0,0|0,0,0|0,0,0|0,0,0|0,0,0|0,0,0|0,0,0|L,E,0|0,0,0|0,0,0|0,0,0|1,j,1,2|1,j,2,2|1,j,3,2|0,0,0|0,0,0|1,j,4,2|1,j,5,2|1,j,6,2|0,0,0|0,0,0|0,0,0|0,0,0|3,11,1,3|3,11,2,3|0,0,0|3,11,3,3|3,11,4,3|0,0,0|3,11,5,3|3,11,6,3|0,0,0|0,0,0|0,0,0|0,0,0|1,k,1,2|1,k,2,2|1,k,3,2|1,k,4,2|0,0,0|1,k,5,2|1,k,6,2|1,k,7,2|1,k,8,2|0,0,0|0,0,0|0,0,0|3,12,1,3|3,12,2,3|0,0,0|3,12,3,3|3,12,4,3|0,0,0|3,12,5,3|3,12,6,3|0,0,0|0,0,0|0,0,0|0,0,0|1,l,1,2|1,l,2,2|1,l,3,2|0,0,0|0,0,0|1,l,4,2|1,l,5,2|1,l,6,2|0,0,0|0,0,0|0,0,0|0,0,0|3,13,1,3|3,13,2,3|0,0,0|3,13,3,3|3,13,4,3|0,0,0|3,13,5,3|3,13,6,3|0,0,0|0,0,0|0,0,0|0,0,0|0,0,0|0,0,0|0,0,0|0,0,0|0,0,0|0,0,0|0,0,0|0,0,0|0,0,0|0,0,0|0,0,0|0,0,0|3,14,1,3|3,14,2,3|0,0,0|3,14,3,3|3,14,4,3|0,0,0|3,14,5,3|3,14,6,3|0,0,0|0,0,0|0,0,0|0,0,0|1,m,1,2|1,m,2,2|1,m,3,2|0,0,0|0,0,0|1,m,4,2|1,m,5,2|1,m,6,2|0,0,0|0,0,0|0,0,0|0,0,0|3,15,1,3|3,15,2,3|0,0,0|3,15,3,3|3,15,4,3|0,0,0|3,15,5,3|3,15,6,3|0,0,0|0,0,0|0,0,0|0,0,0|1,n,1,2|1,n,2,2|1,n,3,2|1,n,4,2|0,0,0|1,n,5,2|1,n,6,2|1,n,7,2|1,n,8,2|0,0,0|0,0,0|0,0,0|0,0,0|0,0,0|0,0,0|0,0,0|0,0,0|0,0,0|0,0,0|0,0,0|L,E,0|0,0,0|0,0,0|0,0,0|1,o,1,2|1,o,2,2|1,o,3,2|0,0,0|0,0,0|1,o,4,2|1,o,5,2|1,o,6,2|0,0,0|0,0,0|0,0,0|0,0,0|3,16,1,3|3,16,2,3|0,0,0|3,16,3,3|3,16,4,3|0,0,0|3,16,5,3|3,16,6,3|0,0,0|0,0,0|0,0,0|0,0,0|0,0,0|0,0,0|0,0,0|0,0,0|0,0,0|0,0,0|0,0,0|0,0,0|0,0,0|0,0,0|0,0,0|0,0,0|3,17,1,3|3,17,2,3|0,0,0|3,17,3,3|3,17,4,3|0,0,0|3,17,5,3|3,17,6,3|0,0,0|0,0,0|0,0,0|0,0,0|1,p,1,2|1,p,2,2|1,p,3,2|0,0,0|0,0,0|1,p,4,2|1,p,5,2|1,p,6,2|0,0,0|0,0,0|0,0,0|0,0,0|3,18,1,3|3,18,2,3|0,0,0|3,18,3,3|3,18,4,3|0,0,0|3,18,5,3|3,18,6,3|0,0,0|0,0,0|0,0,0|0,0,0|1,q,1,2|1,q,2,2|1,q,3,2|1,q,4,2|0,0,0|1,q,5,2|1,q,6,2|1,q,7,2|1,q,8,2|0,0,0|0,0,0|0,0,0|3,19,1,3|3,19,2,3|0,0,0|3,19,3,3|3,19,4,3|0,0,0|3,19,5,3|3,19,6,3|0,0,0|0,0,0|0,0,0|0,0,0|1,r,1,2|1,r,2,2|1,r,3,2|0,0,0|0,0,0|1,r,4,2|1,r,5,2|1,r,6,2|0,0,0|0,0,0|0,0,0|0,0,0|3,20,1,3|3,20,2,3|0,0,0|3,20,3,3|3,20,4,3|0,0,0|3,20,5,3|3,20,6,3|0,0,0|0,0,0|0,0,0|0,0,0|0,0,0|0,0,0|0,0,0|0,0,0|0,0,0|0,0,0|0,0,0|0,0,0|0,0,0|0,0,0|0,0,0|0,0,0|0,0,0|0,0,0|0,0,0|0,0,0|0,0,0|0,0,0|0,0,0|0,0,0|L,E,0|0,0,0|0,0,0|0,0,0|1,s,1,2|1,s,2,2|1,s,3,2|0,0,0|0,0,0|1,s,4,2|1,s,5,2|1,s,6,2|0,0,0|0,0,0|0,0,0|0,0,0|3,21,1,3|3,21,2,3|0,0,0|3,21,3,3|3,21,4,3|0,0,0|3,21,5,3|3,21,6,3|0,0,0|0,0,0|0,0,0|0,0,0|1,t,1,2|1,t,2,2|1,t,3,2|1,t,4,2|0,0,0|1,t,5,2|1,t,6,2|1,t,7,2|1,t,8,2|0,0,0|0,0,0|0,0,0|3,22,1,3|3,22,2,3|0,0,0|3,22,3,3|3,22,4,3|0,0,0|3,22,5,3|3,22,6,3|0,0,0|0,0,0|0,0,0|0,0,0|1,u,1,2|1,u,2,2|1,u,3,2|0,0,0|0,0,0|1,u,4,2|1,u,5,2|1,u,6,2|0,0,0|0,0,0|0,0,0|0,0,0|3,23,1,3|3,23,2,3|0,0,0|3,23,3,3|3,23,4,3|0,0,0|3,23,5,3|3,23,6,3|0,0,0|0,0,0|0,0,0|0,0,0|0,0,0|0,0,0|0,0,0|0,0,0|0,0,0|0,0,0|0,0,0|0,0,0|0,0,0|0,0,0|0,0,0|0,0,0|3,24,1,3|3,24,2,3|0,0,0|3,24,3,3|3,24,4,3|0,0,0|3,24,5,3|3,24,6,3|0,0,0|0,0,0|0,0,0|0,0,0|2,A,A,1|2,A,B,1|2,A,C,1|0,0,0|0,0,0|2,A,D,1|2,A,E,1|2,A,F,1|0,0,0|0,0,0|0,0,0|0,0,0|3,25,1,3|3,25,2,3|0,0,0|3,25,3,3|3,25,4,3|0,0,0|3,25,5,3|3,25,6,3|0,0,0|0,0,0|0,0,0|0,0,0|2,B,A,1|2,B,B,1|2,B,C,1|2,B,D,1|0,0,0|2,B,E,1|2,B,F,1|2,B,G,1|2,B,H,1|0,0,0|0,0,0|0,0,0|0,0,0|0,0,0|0,0,0|0,0,0|0,0,0|0,0,0|0,0,0|0,0,0|L,E,0|0,0,0|0,0,0|0,0,0|2,C,A,1|2,C,B,1|2,C,C,1|0,0,0|0,0,0|2,C,D,1|2,C,E,1|2,C,F,1|0,0,0|0,0,0|0,0,0|0,0,0|3,26,1,3|3,26,2,3|0,0,0|3,26,3,3|3,26,4,3|0,0,0|3,26,5,3|3,26,6,3|0,0,0|0,0,0|0,0,0|0,0,0|0,0,0|0,0,0|0,0,0|0,0,0|0,0,0|0,0,0|0,0,0|0,0,0|0,0,0|0,0,0|0,0,0|0,0,0|3,27,1,3|3,27,2,3|0,0,0|3,27,3,3|3,27,4,3|0,0,0|3,27,5,3|3,27,6,3|0,0,0|0,0,0|0,0,0|0,0,0|2,D,A,1|2,D,B,1|2,D,C,1|0,0,0|0,0,0|2,D,D,1|2,D,E,1|2,D,F,1|0,0,0|0,0,0|0,0,0|0,0,0|3,28,1,3|3,28,2,3|0,0,0|3,28,3,3|3,28,4,3|0,0,0|3,28,5,3|3,28,6,3|0,0,0|0,0,0|0,0,0|0,0,0|2,E,A,1|2,E,B,1|2,E,C,1|2,E,D,1|0,0,0|2,E,E,1|2,E,F,1|2,E,G,1|2,E,H,1|0,0,0|0,0,0|0,0,0|3,29,1,3|3,29,2,3|0,0,0|3,29,3,3|3,29,4,3|0,0,0|3,29,5,3|3,29,6,3|0,0,0|0,0,0|0,0,0|0,0,0|2,F,A,1|2,F,B,1|2,F,C,1|0,0,0|0,0,0|2,F,D,1|2,F,E,1|2,F,F,1|0,0,0|0,0,0|0,0,0|0,0,0|3,30,1,3|3,30,2,3|0,0,0|3,30,3,3|3,30,4,3|0,0,0|3,30,5,3|3,30,6,3|0,0,0|0,0,0|0,0,0|0,0,0|0,0,0|0,0,0|0,0,0|0,0,0|0,0,0|0,0,0|0,0,0|0,0,0|0,0,0|0,0,0|0,0,0|0,0,0|0,0,0|0,0,0|0,0,0|0,0,0|0,0,0|0,0,0|0,0,0|0,0,0|L,E,0|0,0,0|0,0,0|0,0,0|2,G,A,1|2,G,B,1|2,G,C,1|0,0,0|0,0,0|2,G,D,1|2,G,E,1|2,G,F,1|0,0,0|0,0,0|0,0,0|0,0,0|3,31,1,3|3,31,2,3|0,0,0|3,31,3,3|3,31,4,3|0,0,0|3,31,5,3|3,31,6,3|0,0,0|0,0,0|0,0,0|0,0,0|2,H,A,1|2,H,B,1|2,H,C,1|2,H,D,1|0,0,0|2,H,E,1|2,H,F,1|2,H,G,1|2,H,H,1|0,0,0|0,0,0|0,0,0|3,32,1,3|3,32,2,3|0,0,0|3,32,3,3|3,32,4,3|0,0,0|3,32,5,3|3,32,6,3|0,0,0|0,0,0|0,0,0|0,0,0|2,I,A,1|2,I,B,1|2,I,C,1|0,0,0|0,0,0|2,I,D,1|2,I,E,1|2,I,F,1|0,0,0|0,0,0|0,0,0|0,0,0|3,33,1,3|3,33,2,3|0,0,0|3,33,3,3|3,33,4,3|0,0,0|3,33,5,3|3,33,6,3|0,0,0|0,0,0|0,0,0|0,0,0|0,0,0|0,0,0|0,0,0|0,0,0|0,0,0|0,0,0|0,0,0|0,0,0|0,0,0|0,0,0|0,0,0|0,0,0|3,34,1,3|3,34,2,3|0,0,0|3,34,3,3|3,34,4,3|0,0,0|3,34,5,3|3,34,6,3|0,0,0|0,0,0|0,0,0|0,0,0|0,0,0|0,0,0|0,0,0|0,0,0|0,0,0|0,0,0|0,0,0|0,0,0|0,0,0|0,0,0|0,0,0|0,0,0|3,35,1,3|3,35,2,3|0,0,0|3,35,3,3|3,35,4,3|0,0,0|3,35,5,3|3,35,6,3|0,0,0|0,0,0|0,0,0|0,0,0|0,0,0|0,0,0|0,0,0|0,0,0|0,0,0|0,0,0|0,0,0|0,0,0|0,0,0|0,0,0|0,0,0|0,0,0|0,0,0|0,0,0|0,0,0|0,0,0|0,0,0|0,0,0|0,0,0|0,0,0|L,E,0|0,0,0|0,0,0|0,0,0|0,0,0|0,0,0|0,0,0|0,0,0|0,0,0|0,0,0|0,0,0|0,0,0|0,0,0|0,0,0|0,0,0|0,0,0|0,0,0|0,0,0|0,0,0|0,0,0|0,0,0|0,0,0|0,0,0|0,0,0|0,0,0|0,0,0|0,0,0|0,0,0|0,0,0|0,0,0|0,0,0|0,0,0|0,0,0|0,0,0|0,0,0|0,0,0|0,0,0|0,0,0|0,0,0|0,0,0|0,0,0|0,0,0|0,0,0|0,0,0|0,0,0|0,0,0|0,0,0|0,0,0|0,0,0|0,0,0|0,0,0', NULL, NULL);


INSERT INTO `PlaceMapZone` (`pmz_id`, `pmz_pm_id`, `pmz_ident`, `pmz_name`, `pmz_short_name`, `pmz_color`) VALUES
(1, 1, 1, 'Zone 1', 'Z1', '#901090'),
(2, 1, 2, 'Zone 2', 'Z2', '#509010'),
(3, 1, 3, 'Zone 3', 'Z3', '#d0d010'),
(4, 2, 1, 'Zone 1', 'Z1', '#901090'),
(5, 2, 2, 'Zone 2', 'Z2', '#509010'),
(6, 2, 3, 'Zone 3', 'Z3', '#d0d010'),
(7, 3, 1, 'Main Floor', 'Main', '#101010'),
(8, 4, 1, 'Main Floor', 'Main', '#101010');


INSERT INTO `Seat` (`seat_id`, `seat_event_id`, `seat_category_id`, `seat_user_id`, `seat_order_id`, `seat_row_nr`, `seat_zone_id`, `seat_pmp_id`, `seat_nr`, `seat_ts`, `seat_sid`, `seat_price`, `seat_discount_id`, `seat_code`, `seat_status`, `seat_sales_id`, `seat_old_order_id`, `seat_old_status`) VALUES
(1, 2, 8, 2, 3, '0', NULL, NULL, 0, 1254149278, 'f0431d512908695a8e6f0552bb55b8e4', 7.50, NULL, '37898390', 'com', NULL, NULL, NULL),
(2, 2, 8, 1, 1, '0', NULL, NULL, 0, 1254101689, '81ab9c70d475786f6ede5c480a129725', 0.01, 1, '46787659', 'com', NULL, NULL, NULL),
(3, 2, 8, 2, 2, '0', NULL, NULL, 0, 1254101874, '81ab9c70d475786f6ede5c480a129725', 0.01, 1, '68514052', 'com', NULL, NULL, NULL),
(4, 2, 8, 2, 2, '0', NULL, NULL, 0, 1254101874, '81ab9c70d475786f6ede5c480a129725', 0.01, 1, '00789555', 'com', NULL, NULL, NULL),
(5, 2, 8, NULL, NULL, '0', NULL, NULL, 0, NULL, NULL, NULL, NULL, NULL, 'free', NULL, NULL, NULL),
(6, 2, 8, NULL, NULL, '0', NULL, NULL, 0, NULL, NULL, NULL, NULL, NULL, 'free', NULL, NULL, NULL),
(7, 2, 8, NULL, NULL, '0', NULL, NULL, 0, NULL, NULL, NULL, NULL, NULL, 'free', NULL, NULL, NULL),
(8, 2, 8, NULL, NULL, '0', NULL, NULL, 0, NULL, NULL, NULL, NULL, NULL, 'free', NULL, NULL, NULL),
(9, 2, 8, NULL, NULL, '0', NULL, NULL, 0, NULL, NULL, NULL, NULL, NULL, 'free', NULL, NULL, NULL),
(10, 2, 8, NULL, NULL, '0', NULL, NULL, 0, NULL, NULL, NULL, NULL, NULL, 'free', NULL, NULL, NULL),
(11, 2, 8, NULL, NULL, '0', NULL, NULL, 0, NULL, NULL, NULL, NULL, NULL, 'free', NULL, NULL, NULL),
(12, 2, 8, NULL, NULL, '0', NULL, NULL, 0, NULL, NULL, NULL, NULL, NULL, 'free', NULL, NULL, NULL),
(13, 2, 8, NULL, NULL, '0', NULL, NULL, 0, NULL, NULL, NULL, NULL, NULL, 'free', NULL, NULL, NULL),
(14, 2, 8, NULL, NULL, '0', NULL, NULL, 0, NULL, NULL, NULL, NULL, NULL, 'free', NULL, NULL, NULL),
(15, 2, 8, NULL, NULL, '0', NULL, NULL, 0, NULL, NULL, NULL, NULL, NULL, 'free', NULL, NULL, NULL),
(16, 2, 8, NULL, NULL, '0', NULL, NULL, 0, NULL, NULL, NULL, NULL, NULL, 'free', NULL, NULL, NULL),
(17, 2, 8, NULL, NULL, '0', NULL, NULL, 0, NULL, NULL, NULL, NULL, NULL, 'free', NULL, NULL, NULL),
(18, 2, 8, NULL, NULL, '0', NULL, NULL, 0, NULL, NULL, NULL, NULL, NULL, 'free', NULL, NULL, NULL),
(19, 2, 8, NULL, NULL, '0', NULL, NULL, 0, NULL, NULL, NULL, NULL, NULL, 'free', NULL, NULL, NULL),
(20, 2, 8, NULL, NULL, '0', NULL, NULL, 0, NULL, NULL, NULL, NULL, NULL, 'free', NULL, NULL, NULL),
(21, 2, 8, NULL, NULL, '0', NULL, NULL, 0, NULL, NULL, NULL, NULL, NULL, 'free', NULL, NULL, NULL),
(22, 2, 8, NULL, NULL, '0', NULL, NULL, 0, NULL, NULL, NULL, NULL, NULL, 'free', NULL, NULL, NULL),
(23, 2, 8, NULL, NULL, '0', NULL, NULL, 0, NULL, NULL, NULL, NULL, NULL, 'free', NULL, NULL, NULL),
(24, 2, 8, NULL, NULL, '0', NULL, NULL, 0, NULL, NULL, NULL, NULL, NULL, 'free', NULL, NULL, NULL),
(25, 2, 8, NULL, NULL, '0', NULL, NULL, 0, NULL, NULL, NULL, NULL, NULL, 'free', NULL, NULL, NULL),
(26, 2, 8, NULL, NULL, '0', NULL, NULL, 0, NULL, NULL, NULL, NULL, NULL, 'free', NULL, NULL, NULL),
(27, 2, 8, NULL, NULL, '0', NULL, NULL, 0, NULL, NULL, NULL, NULL, NULL, 'free', NULL, NULL, NULL),
(28, 2, 8, NULL, NULL, '0', NULL, NULL, 0, NULL, NULL, NULL, NULL, NULL, 'free', NULL, NULL, NULL),
(29, 2, 8, NULL, NULL, '0', NULL, NULL, 0, NULL, NULL, NULL, NULL, NULL, 'free', NULL, NULL, NULL),
(30, 2, 8, NULL, NULL, '0', NULL, NULL, 0, NULL, NULL, NULL, NULL, NULL, 'free', NULL, NULL, NULL),
(31, 2, 8, NULL, NULL, '0', NULL, NULL, 0, NULL, NULL, NULL, NULL, NULL, 'free', NULL, NULL, NULL),
(32, 2, 8, NULL, NULL, '0', NULL, NULL, 0, NULL, NULL, NULL, NULL, NULL, 'free', NULL, NULL, NULL),
(33, 2, 8, NULL, NULL, '0', NULL, NULL, 0, NULL, NULL, NULL, NULL, NULL, 'free', NULL, NULL, NULL),
(34, 2, 8, NULL, NULL, '0', NULL, NULL, 0, NULL, NULL, NULL, NULL, NULL, 'free', NULL, NULL, NULL),
(35, 2, 8, NULL, NULL, '0', NULL, NULL, 0, NULL, NULL, NULL, NULL, NULL, 'free', NULL, NULL, NULL),
(36, 2, 8, NULL, NULL, '0', NULL, NULL, 0, NULL, NULL, NULL, NULL, NULL, 'free', NULL, NULL, NULL),
(37, 2, 8, NULL, NULL, '0', NULL, NULL, 0, NULL, NULL, NULL, NULL, NULL, 'free', NULL, NULL, NULL),
(38, 2, 8, NULL, NULL, '0', NULL, NULL, 0, NULL, NULL, NULL, NULL, NULL, 'free', NULL, NULL, NULL),
(39, 2, 8, NULL, NULL, '0', NULL, NULL, 0, NULL, NULL, NULL, NULL, NULL, 'free', NULL, NULL, NULL),
(40, 2, 8, NULL, NULL, '0', NULL, NULL, 0, NULL, NULL, NULL, NULL, NULL, 'free', NULL, NULL, NULL),
(41, 2, 8, NULL, NULL, '0', NULL, NULL, 0, NULL, NULL, NULL, NULL, NULL, 'free', NULL, NULL, NULL),
(42, 2, 8, NULL, NULL, '0', NULL, NULL, 0, NULL, NULL, NULL, NULL, NULL, 'free', NULL, NULL, NULL),
(43, 2, 8, NULL, NULL, '0', NULL, NULL, 0, NULL, NULL, NULL, NULL, NULL, 'free', NULL, NULL, NULL),
(44, 2, 8, NULL, NULL, '0', NULL, NULL, 0, NULL, NULL, NULL, NULL, NULL, 'free', NULL, NULL, NULL),
(45, 2, 8, NULL, NULL, '0', NULL, NULL, 0, NULL, NULL, NULL, NULL, NULL, 'free', NULL, NULL, NULL),
(46, 2, 8, NULL, NULL, '0', NULL, NULL, 0, NULL, NULL, NULL, NULL, NULL, 'free', NULL, NULL, NULL),
(47, 2, 8, NULL, NULL, '0', NULL, NULL, 0, NULL, NULL, NULL, NULL, NULL, 'free', NULL, NULL, NULL),
(48, 2, 8, NULL, NULL, '0', NULL, NULL, 0, NULL, NULL, NULL, NULL, NULL, 'free', NULL, NULL, NULL),
(49, 2, 8, NULL, NULL, '0', NULL, NULL, 0, NULL, NULL, NULL, NULL, NULL, 'free', NULL, NULL, NULL),
(50, 2, 8, NULL, NULL, '0', NULL, NULL, 0, NULL, NULL, NULL, NULL, NULL, 'free', NULL, NULL, NULL);

INSERT INTO `User` (`user_id`, `user_lastname`, `user_firstname`, `user_address`, `user_address1`, `user_zip`, `user_city`, `user_state`, `user_country`, `user_phone`, `user_fax`, `user_email`, `user_status`, `user_prefs`, `user_custom1`, `user_custom2`, `user_custom3`, `user_custom4`, `user_owner_id`, `user_lastlogin`, `user_order_total`, `user_current_tickets`, `user_total_tickets`) VALUES
(1, 'Demo POS', '', '4321 Demo Street', '', '10000', 'Demo Town', 'DT', 'US', '(555) 555-1212', '(555) 555-1213', 'demo@demoserver.com', 1, 'pdf', '', NULL, 0, '0000-00-00 00:00:00', 0, '0000-00-00 00:00:00', 1, 0, 1),
(2, 'Demolastname', 'Demofirstname', '1234 Anytown', '', '10000', 'Demotown', '', 'US', '', '', 'none@none.com', 4, NULL, '', NULL, 0, '0000-00-00 00:00:00', 1, '0000-00-00 00:00:00', 2, 0, 3);

INSERT INTO `Admin` (`admin_login`, `admin_password`,`admin_status`,`admin_user_id`) VALUES
('demo', 'c514c91e4ed341f263e458d44b3bb0a7', 'pos',1);